step,train_loss,test_loss,train_acc,test_acc,restricted_loss,excluded_loss,hill,moment,gpd,k,n,median_deviation
0,4.9223,4.91269,0.00913838,0.00894955,4.91196,4.731,0.0297738,-0.0442628,-0.0261509,638,12769,3.27118
100,1.34817,9.04887,0.690339,0.11791,5.67726,6.96148,0.0679073,0.0928479,0.143494,638,12769,39.1932
200,0.0678381,17.2556,0.975979,0.235709,8.89482,12.1153,0.067126,0.118157,0.180973,638,12769,67.4833
300,0.0335055,17.2771,0.986162,0.236716,8.80467,11.8567,0.0576118,0.045855,0.0470346,638,12769,63.816
400,0.0187761,17.0466,0.992167,0.242421,8.70562,11.5889,0.0457839,-0.168605,-0.18309,638,12769,58.6593
500,0.00554777,17.8512,0.998433,0.246336,9.08149,12.0898,0.0429498,-0.126516,-0.151016,638,12769,56.5546
600,0.00335501,18.3692,0.998695,0.248462,9.34748,12.4303,0.0439689,-0.175965,-0.163054,638,12769,54.2042
700,0.0021233,17.736,0.999478,0.253832,9.13938,12.0183,0.0445002,-0.164885,-0.168705,638,12769,49.3797
800,0.000544,19.0079,1,0.257747,9.71773,12.8684,0.0442999,-0.126656,-0.144677,638,12769,49.7388
900,0.000202305,20.2637,1,0.259313,10.2802,13.7031,0.0453507,-0.131567,-0.147119,638,12769,50.6489
1000,7.31518e-05,21.6203,1,0.259425,10.8879,14.5741,0.0453988,-0.105783,-0.125649,638,12769,52.1438
1100,2.66465e-05,22.9685,1,0.260991,11.4903,15.4366,0.045654,-0.0876752,-0.109163,638,12769,53.8535
1200,9.91982e-06,24.2888,1,0.260432,12.0792,16.2767,0.0462515,-0.0818961,-0.106247,638,12769,55.6815
1300,3.87012e-06,25.5106,1,0.261551,12.6155,17.0486,0.0474321,-0.107064,-0.126295,638,12769,57.5158
1400,1.66915e-06,26.5034,1,0.262893,13.0356,17.6569,0.0468053,-0.10257,-0.124649,638,12769,59.2722
1500,8.55132e-07,27.0984,1,0.263452,13.2676,17.9946,0.0457492,-0.109666,-0.130904,638,12769,61.4275
1600,5.4802e-07,27.2458,1,0.264012,13.2858,18.0189,0.044328,-0.133006,-0.154278,638,12769,66.7258
1700,4.28842e-07,27.1589,1,0.264571,13.2271,17.8745,0.0445544,-0.211516,-0.209687,638,12769,81.3833
1800,3.88379e-07,26.9701,1,0.263676,13.0432,17.6709,0.0451115,-0.190504,-0.206724,638,12769,112.627
1900,3.72319e-07,26.9256,1,0.262445,12.955,17.5953,0.0469902,-0.157703,-0.179289,638,12769,166.813
2000,3.78606e-07,27.2713,1,0.259201,13.0875,17.8327,0.0534912,-0.135261,-0.144779,638,12769,267.769
2100,0.017958,26.4641,0.995561,0.218145,14.0725,16.726,0.0524206,-0.145394,-0.131,638,12769,326.178
2200,0.00291194,14.8351,1,0.256516,7.66851,9.90103,0.0492672,-0.107683,-0.110344,638,12769,193.578
2300,0.0162153,10.9917,1,0.260544,6.1903,7.42072,0.0465233,-0.101878,-0.111361,638,12769,145.562
2400,0.00856754,11.815,1,0.258306,6.49622,7.93064,0.0469684,-0.121103,-0.124445,638,12769,141.078
2500,0.00327202,13.185,1,0.258642,7.04111,8.82859,0.0461589,-0.121825,-0.124365,638,12769,144.635
2600,0.00120089,14.6277,1,0.257523,7.64934,9.80175,0.0466688,-0.145672,-0.136031,638,12769,147.999
2700,0.00043335,16.1037,1,0.257747,8.29334,10.8158,0.0467205,-0.158654,-0.145473,638,12769,150.029
2800,0.000155695,17.5898,1,0.255845,8.95698,11.8443,0.0461792,-0.154751,-0.147818,638,12769,150.558
2900,5.60414e-05,19.0669,1,0.255845,9.63046,12.8729,0.0452941,-0.15145,-0.152366,638,12769,150.034
3000,2.04068e-05,20.5153,1,0.254838,10.2936,13.8807,0.0449147,-0.170748,-0.175846,638,12769,148.783
3100,7.64408e-06,21.909,1,0.25316,10.9388,14.8468,0.0444926,-0.170878,-0.194388,638,12769,147.491
3200,3.03958e-06,23.1852,1,0.25372,11.5264,15.7135,0.0455842,-0.208401,-0.237722,638,12769,147.443
3300,1.35634e-06,24.215,1,0.254167,11.9971,16.3838,0.0457292,-0.197741,-0.245575,638,12769,153.7
3400,7.22726e-07,24.8919,1,0.254055,12.2811,16.7752,0.0449225,-0.155532,-0.208831,638,12769,178.453
3500,4.65694e-07,25.309,1,0.254167,12.3944,16.9233,0.0458628,-0.180161,-0.213424,638,12769,242.847
3600,4.10416e-07,25.6872,1,0.252265,12.4509,16.9893,0.0474379,-0.174134,-0.180984,638,12769,366.866
3700,0.0191137,22.3736,0.994256,0.227654,11.2397,14.815,0.0456976,-0.132205,-0.164209,638,12769,346.466
3800,0.00497448,12.7944,1,0.250475,6.85732,8.62928,0.0449641,-0.126291,-0.163115,638,12769,209.068
3900,0.0127343,10.6599,1,0.253048,6.06659,7.22064,0.0429453,-0.115848,-0.148284,638,12769,177.237
4000,0.00549703,11.8216,1,0.252601,6.51147,7.99186,0.0443975,-0.130353,-0.148093,638,12769,186.301
4100,0.00206592,13.2265,1,0.251818,7.09237,8.96955,0.04451,-0.104876,-0.127,638,12769,194.913
4200,0.000752075,14.6777,1,0.25193,7.72634,9.99734,0.0455448,-0.110666,-0.128433,638,12769,200.22
4300,0.000270631,16.1467,1,0.252153,8.39115,11.0445,0.045758,-0.0966834,-0.117221,638,12769,202.137
4400,9.71592e-05,17.6148,1,0.253048,9.07643,12.0959,0.0457437,-0.0848505,-0.107608,638,12769,201.071
4500,3.50931e-05,19.0664,1,0.251818,9.77305,13.1286,0.0452898,-0.0541982,-0.0800447,638,12769,197.915
4600,1.28838e-05,20.474,1,0.252489,10.4631,14.1278,0.045431,-0.045514,-0.0725174,638,12769,193.655
4700,4.92025e-06,21.8042,1,0.252042,11.1268,15.067,0.045277,-0.0365978,-0.0637573,638,12769,189.88
4800,2.0405e-06,22.9729,1,0.251706,11.7227,15.8771,0.0455471,-0.045784,-0.0725366,638,12769,189.441
4900,9.70045e-07,23.8555,1,0.252489,12.1975,16.4557,0.0457381,-0.0401892,-0.0646096,638,12769,203.022
5000,5.51413e-07,24.4259,1,0.252265,12.5205,16.7485,0.0474013,-0.112606,-0.122477,638,12769,251.223
5100,4.04471e-07,24.7895,1,0.251259,12.5695,16.7912,0.0439154,-0.12033,-0.123634,638,12769,352.677
5200,0.0137069,25.1353,0.995822,0.223739,13.7671,16.4696,0.0424075,-0.179795,-0.177097,638,12769,508.322
5300,0.0017974,14.0728,1,0.248909,7.47605,9.61177,0.044394,-0.0920289,-0.09483,638,12769,258.927
5400,0.0129333,10.2882,1,0.251594,5.92232,7.12047,0.04062,-0.072535,-0.0891093,638,12769,194.019
5500,0.00635313,11.1792,1,0.251706,6.21641,7.68763,0.0389455,-0.0997203,-0.123784,638,12769,201.011
5600,0.00240612,12.4708,1,0.252713,6.69706,8.61069,0.0393744,-0.143731,-0.159262,638,12769,211.49
5700,0.000881587,13.8265,1,0.252042,7.26546,9.60396,0.0383203,-0.130471,-0.14926,638,12769,219.1
5800,0.000318808,15.2078,1,0.253272,7.86922,10.6454,0.0388521,-0.162074,-0.157695,638,12769,223.397
5900,0.000114858,16.6029,1,0.253272,8.4969,11.7109,0.0380117,-0.144378,-0.139095,638,12769,224.754
6000,4.1486e-05,17.9866,1,0.25316,9.1312,12.7751,0.0382768,-0.166506,-0.144416,638,12769,223.391
6100,1.51945e-05,19.3427,1,0.254167,9.76169,13.819,0.0385096,-0.186748,-0.151217,638,12769,220.883
6200,5.75667e-06,20.6388,1,0.254391,10.3696,14.808,0.0388725,-0.203197,-0.156093,638,12769,218.425
6300,2.3412e-06,21.8008,1,0.254838,10.9166,15.6777,0.0388929,-0.206055,-0.15685,638,12769,220.393
6400,1.0806e-06,22.7174,1,0.255286,11.342,16.3159,0.0385854,-0.1979,-0.150184,638,12769,238.134
6500,5.87362e-07,23.3249,1,0.254167,11.5932,16.6235,0.0392426,-0.171027,-0.132518,638,12769,301.529
6600,4.05405e-07,23.6911,1,0.254503,11.6223,16.5492,0.0405481,-0.136536,-0.124536,638,12769,419.519
6700,0.000511169,19.6303,1,0.238729,9.92313,13.6375,0.0360563,-0.244702,-0.179288,638,12769,393.873
6800,0.00335924,11.8394,1,0.257971,6.41769,8.33438,0.0367596,-0.225915,-0.165882,638,12769,251.54
6900,0.0035061,11.4876,1,0.258083,6.2536,8.06457,0.0368103,-0.106811,-0.12746,638,12769,232.447
7000,0.00134619,12.7321,1,0.258306,6.76057,8.95209,0.0389981,-0.132839,-0.158289,638,12769,238.253
7100,0.000494896,14.0609,1,0.259537,7.33577,9.95417,0.0402546,-0.129854,-0.152614,638,12769,241.878
7200,0.000179418,15.4122,1,0.259649,7.94132,11.0028,0.0404924,-0.0942585,-0.122248,638,12769,242.533
7300,6.48507e-05,16.765,1,0.260096,8.5578,12.0726,0.0406611,-0.0595863,-0.0901263,638,12769,240.743
7400,2.36014e-05,18.1066,1,0.259537,9.17428,13.1423,0.0425649,-0.0757523,-0.102883,638,12769,237.457
7500,8.7792e-06,19.4022,1,0.258866,9.7782,14.1185,0.0436428,-0.0781209,-0.102579,638,12769,233.944
7600,3.43204e-06,20.6021,1,0.259761,10.3354,15.0652,0.0448844,-0.0859379,-0.108078,638,12769,233.02
7700,1.48093e-06,21.6103,1,0.259649,10.8033,15.8464,0.0456639,-0.0829918,-0.10746,638,12769,242.752
7800,7.38568e-07,22.3305,1,0.26032,11.1205,16.3624,0.046096,-0.102756,-0.126509,638,12769,288.569
7900,4.44187e-07,22.8039,1,0.259201,11.249,16.5531,0.0447606,-0.163132,-0.174357,638,12769,396.854
8000,0.0905661,23.1247,0.979634,0.197449,13.0564,15.3832,0.0422357,-0.124668,-0.14872,638,12769,471.277
8100,0.00290034,12.2338,1,0.254167,6.50452,8.92281,0.0393566,-0.107078,-0.126138,638,12769,260.169
8200,0.0145448,9.37173,1,0.260767,5.39841,6.91091,0.037187,-0.110753,-0.148489,638,12769,205.051
8300,0.00670571,10.266,1,0.26032,5.66086,7.50126,0.0357863,-0.132964,-0.18227,638,12769,219.485
8400,0.00253647,11.4403,1,0.261327,6.07502,8.3338,0.0360629,-0.156648,-0.200969,638,12769,233.559
8500,0.000929097,12.6679,1,0.261103,6.55036,9.24321,0.0360995,-0.168842,-0.20622,638,12769,243.349
8600,0.000335941,13.922,1,0.260656,7.0672,10.199,0.0366965,-0.202824,-0.223634,638,12769,248.596
8700,0.000120951,15.1871,1,0.260767,7.60707,11.1756,0.0361299,-0.184253,-0.209145,638,12769,249.986
8800,4.36463e-05,16.4453,1,0.259425,8.1597,12.1524,0.0363186,-0.18514,-0.200327,638,12769,248.279
8900,1.59507e-05,17.6833,1,0.259761,8.71124,13.119,0.0366636,-0.180659,-0.184732,638,12769,244.795
9000,6.02216e-06,18.8681,1,0.259201,9.24349,14.0457,0.036745,-0.163257,-0.162162,638,12769,241.118
9100,2.4309e-06,19.9381,1,0.259201,9.72794,14.8826,0.0375515,-0.176495,-0.157872,638,12769,240.286
9200,1.10625e-06,20.7879,1,0.258642,10.1147,15.5296,0.0358245,-0.128264,-0.129405,638,12769,254.39
9300,5.90599e-07,21.3726,1,0.258978,10.3717,15.9226,0.0363493,-0.155953,-0.151413,638,12769,312.091
9400,3.96036e-07,21.7713,1,0.257188,10.4955,16.033,0.0400117,-0.186324,-0.182404,638,12769,447.808
9500,0.00223417,19.921,1,0.231681,10.1654,14.2935,0.0368143,-0.150795,-0.143376,638,12769,474.417
9600,0.0023895,11.3698,1,0.259984,5.99371,8.46696,0.0361857,-0.141508,-0.147538,638,12769,288.688
9700,0.00439155,10.2147,1,0.261327,5.50289,7.61556,0.0370179,-0.186256,-0.18377,638,12769,253.355
9800,0.00171167,11.309,1,0.261215,5.90228,8.4378,0.0379735,-0.20835,-0.20898,638,12769,261.656
9900,0.000631452,12.5022,1,0.260879,6.38871,9.39257,0.0382787,-0.213085,-0.222359,638,12769,267.224
10000,0.000228951,13.7284,1,0.260208,6.91307,10.4058,0.037853,-0.19816,-0.221458,638,12769,269.126
10100,8.26335e-05,14.9603,1,0.260991,7.45331,11.4425,0.0372795,-0.187355,-0.217838,638,12769,267.901
10200,2.99625e-05,16.1817,1,0.261662,7.99803,12.4795,0.0370261,-0.18897,-0.220293,638,12769,264.16
10300,1.10419e-05,17.372,1,0.261662,8.53317,13.4991,0.0377209,-0.210616,-0.237035,638,12769,259.324
10400,4.23624e-06,18.4885,1,0.261551,9.03794,14.4596,0.0383072,-0.220933,-0.245324,638,12769,255.69
10500,1.76766e-06,19.4587,1,0.262334,9.47387,15.2925,0.0381475,-0.207262,-0.247739,638,12769,258.814
10600,8.44612e-07,20.1891,1,0.261774,9.79722,15.8973,0.0393502,-0.253603,-0.294097,638,12769,289.011
10700,4.77895e-07,20.6618,1,0.261551,9.97403,16.1884,0.0391869,-0.232992,-0.269646,638,12769,377.61
10800,3.75058e-07,20.8521,1,0.260096,9.90529,16.0433,0.0397852,-0.185872,-0.204904,638,12769,547.408
10900,0.000798254,16.0329,1,0.245777,8.08643,12.2189,0.0387191,-0.150372,-0.203465,638,12769,423.942
11000,0.00709437,9.46468,1,0.265018,5.1697,7.47844,0.0389993,-0.174211,-0.214463,638,12769,266.758
11100,0.0120598,8.6125,1,0.263788,4.81829,6.8632,0.0385493,-0.19409,-0.200916,638,12769,245.499
11200,0.00483785,9.52072,1,0.266025,5.08437,7.55156,0.0389238,-0.191673,-0.189708,638,12769,266.919
11300,0.00181142,10.5258,1,0.268375,5.42421,8.34922,0.0398446,-0.219753,-0.198101,638,12769,284.123
11400,0.000662099,11.5698,1,0.269158,5.80615,9.21301,0.0396911,-0.210527,-0.190872,638,12769,295.686
11500,0.000239667,12.6318,1,0.269829,6.21565,10.1219,0.038789,-0.177106,-0.171576,638,12769,301.473
11600,8.64907e-05,13.7,1,0.271619,6.6417,11.0585,0.0393086,-0.199179,-0.178769,638,12769,302.479
11700,3.1359e-05,14.7551,1,0.271731,7.07337,12.0044,0.0392207,-0.192823,-0.174333,638,12769,299.673
11800,1.15649e-05,15.7764,1,0.271395,7.49641,12.9368,0.0400552,-0.217558,-0.184232,638,12769,294.933
11900,4.44161e-06,16.7358,1,0.272178,7.89524,13.829,0.0401251,-0.210964,-0.181054,638,12769,290.481
12000,1.85372e-06,17.5723,1,0.271507,8.24352,14.6252,0.0401354,-0.207755,-0.175901,638,12769,292.117
12100,8.833e-07,18.2105,1,0.271283,8.51132,15.2402,0.0393941,-0.194312,-0.166476,638,12769,320.574
12200,4.91404e-07,18.6624,1,0.271731,8.68716,15.6327,0.0386468,-0.137242,-0.130825,638,12769,413.586
12300,3.72661e-07,18.891,1,0.269158,8.68865,15.654,0.0397784,-0.115272,-0.114333,638,12769,578.556
12400,0.000791517,12.3739,1,0.263117,6.01627,10.4831,0.0387164,-0.11057,-0.145762,638,12769,363.338
12500,0.00959475,8.11487,1,0.272402,4.40711,7.01678,0.0397889,-0.123922,-0.150955,638,12769,247.165
12600,0.00652376,8.33817,1,0.274304,4.41903,7.26401,0.0394632,-0.0821694,-0.0967022,638,12769,251.157
12700,0.0025028,9.21684,1,0.274192,4.68546,8.08004,0.0396931,-0.0705256,-0.0804639,638,12769,266.5
12800,0.000918453,10.1644,1,0.274751,5.01224,8.98248,0.0404359,-0.0817683,-0.0861541,638,12769,276.951
12900,0.000331307,11.1301,1,0.274975,5.3671,9.92836,0.0404068,-0.0747714,-0.0785322,638,12769,281.81
13000,0.000118815,12.0913,1,0.275982,5.73442,10.8986,0.0418926,-0.115951,-0.104974,638,12769,282.12
13100,4.27098e-05,13.0369,1,0.277436,6.10363,11.8765,0.0422322,-0.116996,-0.10404,638,12769,278.948
13200,1.55496e-05,13.9485,1,0.278107,6.46563,12.8442,0.0430331,-0.130058,-0.108909,638,12769,273.688
13300,5.84363e-06,14.7982,1,0.278443,6.80371,13.7775,0.0428552,-0.11232,-0.0965527,638,12769,267.811
13400,2.34767e-06,15.5455,1,0.279114,7.09871,14.6257,0.0419136,-0.0778748,-0.0730928,638,12769,264.228
13500,1.06314e-06,16.1257,1,0.279226,7.32226,15.301,0.0413273,-0.0654607,-0.062744,638,12769,271.838
13600,5.6598e-07,16.4967,1,0.280121,7.45438,15.7241,0.0414811,-0.0774632,-0.0702941,638,12769,318.391
13700,3.54235e-07,16.7293,1,0.280121,7.48637,15.9001,0.0407317,-0.0489684,-0.0475544,638,12769,433.207
13800,0.0138178,16.5833,0.996345,0.238841,8.77948,14.6924,0.0406704,-0.134166,-0.104903,638,12769,511.951
13900,0.00193065,8.97837,1,0.280792,4.36211,8.72611,0.0421844,-0.100619,-0.0847473,638,12769,292.667
14000,0.0064395,7.3036,1,0.282134,3.7452,7.24328,0.0428423,-0.0820846,-0.0821979,638,12769,240.847
14100,0.00265769,7.9322,1,0.283477,3.8762,7.94524,0.0438459,-0.0900948,-0.0879798,638,12769,256.051
14200,0.00099101,8.68432,1,0.285714,4.09546,8.78248,0.0452106,-0.113161,-0.102107,638,12769,268.369
14300,0.00035992,9.46414,1,0.287728,4.3381,9.70314,0.0446892,-0.0906441,-0.0918809,638,12769,276.009
14400,0.000129455,10.2411,1,0.289294,4.59007,10.6661,0.0447651,-0.0866573,-0.0915176,638,12769,279.159
14500,4.65831e-05,10.9978,1,0.290189,4.83993,11.6513,0.045898,-0.109791,-0.106812,638,12769,278.634
14600,1.6925e-05,11.7164,1,0.291643,5.07972,12.6338,0.0464421,-0.124146,-0.117343,638,12769,275.725
14700,6.32914e-06,12.3706,1,0.293993,5.29634,13.5857,0.0472259,-0.138804,-0.129417,638,12769,272.232
14800,2.51762e-06,12.9377,1,0.295335,5.47784,14.4687,0.0477589,-0.150289,-0.140987,638,12769,271.016
14900,1.12178e-06,13.3632,1,0.296901,5.60648,15.2,0.0473686,-0.15019,-0.14314,638,12769,281.462
15000,5.859e-07,13.6229,1,0.297796,5.66913,15.7037,0.0463449,-0.143768,-0.137846,638,12769,327.208
15100,3.55636e-07,13.7711,1,0.297796,5.67676,15.9447,0.04343,-0.0771191,-0.0819932,638,12769,437.683
15200,3.58904e-07,13.6974,1,0.297461,5.5446,15.8341,0.0455938,-0.125977,-0.102709,638,12769,608.01
15300,0.000679273,8.48887,1,0.298467,3.74564,10.0006,0.0437185,-0.093814,-0.0808404,638,12769,358.737
15400,0.00599774,5.93723,1,0.302495,2.87137,7.25982,0.0450772,-0.075645,-0.0748575,638,12769,257.763
15500,0.00312025,6.21711,1,0.307305,2.87079,7.93659,0.0460902,-0.0819316,-0.0776666,638,12769,269.079
15600,0.00118518,6.76362,1,0.308648,2.98177,8.97691,0.0463597,-0.0751392,-0.0738047,638,12769,285.756
15700,0.000432694,7.33537,1,0.310885,3.11929,10.0925,0.0469482,-0.0809641,-0.0774723,638,12769,297.479
15800,0.000155619,7.90224,1,0.31357,3.26589,11.2517,0.0470303,-0.0831339,-0.0783998,638,12769,304.141
15900,5.57638e-05,8.43932,1,0.316702,3.40545,12.4287,0.0468936,-0.0841341,-0.0796979,638,12769,306.049
16000,2.01146e-05,8.92891,1,0.319275,3.52877,13.5985,0.0472158,-0.0979234,-0.0881528,638,12769,304.434
16100,7.43034e-06,9.35616,1,0.323079,3.62759,14.7387,0.0467,-0.0884762,-0.0820257,638,12769,301.093
16200,2.89379e-06,9.70475,1,0.326435,3.69812,15.8045,0.0460549,-0.0738254,-0.0715048,638,12769,298.282
16300,1.25397e-06,9.94496,1,0.330909,3.81628,16.6854,0.0453172,-0.0558064,-0.0586448,638,12769,302.578
16400,6.36478e-07,10.0526,1,0.334937,3.81388,17.2644,0.0467365,-0.0890211,-0.0828062,638,12769,332.808
16500,3.75431e-07,10.0347,1,0.338852,3.75422,17.4125,0.0486657,-0.134137,-0.109381,638,12769,410.655
16600,2.80469e-07,9.85157,1,0.340754,3.60583,17.0526,0.0471541,-0.0928875,-0.0933741,638,12769,528.303
16700,0.000383874,6.48628,1,0.344446,2.39235,11.3327,0.049383,-0.103713,-0.104428,638,12769,349.729
16800,0.00333272,4.4765,1,0.349368,1.82119,8.02307,0.0469539,-0.0309411,-0.0426696,638,12769,248.402
16900,0.00180512,4.58819,1,0.358989,1.75587,8.66218,0.0491148,-0.0275345,-0.0375091,638,12769,255.208
17000,0.000678827,4.89482,1,0.368386,1.76236,9.7283,0.0493577,-0.00413672,-0.0121736,638,12769,268.499
17100,0.000245288,5.19543,1,0.377447,1.77883,10.8841,0.050097,-0.00170369,-0.00815481,638,12769,277.791
17200,8.75276e-05,5.45353,1,0.387739,1.78883,12.0963,0.0499069,0.00896473,0.00412534,638,12769,282.605
17300,3.12331e-05,5.65762,1,0.398031,1.78494,13.3406,0.0505904,-0.000364503,-0.00460439,638,12769,284.472
17400,1.13018e-05,5.79258,1,0.408771,1.7609,14.5881,0.0503965,0.00771637,0.00356449,638,12769,284.039
17500,4.23372e-06,5.83972,1,0.422419,1.70819,15.8,0.0513041,-0.0095882,-0.0133432,638,12769,282.641
17600,1.71515e-06,5.77922,1,0.439646,1.622,16.8783,0.0516181,-0.0132391,-0.0174116,638,12769,282.532
17700,7.96056e-07,5.58385,1,0.459783,1.49903,17.6669,0.0524556,-0.0336481,-0.035406,638,12769,290.523
17800,4.38211e-07,5.27393,1,0.480591,1.34465,18.0378,0.0538583,-0.0608947,-0.0574063,638,12769,321.579
17900,2.81309e-07,4.8755,1,0.500615,1.16252,17.9181,0.0558487,-0.119248,-0.106637,638,12769,399.026
18000,3.22301e-07,4.45691,1,0.524555,0.996949,17.641,0.0531181,-0.128594,-0.125999,638,12769,530.49
18100,0.000932724,3.30009,1,0.543461,0.920936,13.4205,0.0515386,-0.027007,-0.0326874,638,12769,447.042
18200,0.00271472,1.77097,1,0.581832,0.505492,8.09931,0.0515862,-0.0426896,-0.0515604,638,12769,276.886
18300,0.00415553,1.48222,1,0.613268,0.40419,7.78435,0.0486282,-0.0679209,-0.0742053,638,12769,255.468
18400,0.00158552,1.20563,1,0.680501,0.25262,8.62564,0.0477563,-0.0567249,-0.0655396,638,12769,279.519
18500,0.000551441,0.877847,1,0.754111,0.131979,9.4773,0.0462803,-0.0316836,-0.0420031,638,12769,298.512
18600,0.000187529,0.568945,1,0.835552,0.0594784,10.292,0.0481284,-0.1027,-0.0939817,638,12769,311.297
18700,6.3321e-05,0.339866,1,0.898087,0.0260689,11.0397,0.0468963,-0.116545,-0.0998737,638,12769,319.216
18800,2.1514e-05,0.193487,1,0.941492,0.0133343,11.6803,0.0466688,-0.15023,-0.1175,638,12769,324.074
18900,7.40463e-06,0.104447,1,0.968005,0.00817857,12.1388,0.0452264,-0.155311,-0.126328,638,12769,326.344
19000,2.6489e-06,0.0531355,1,0.981653,0.00337566,10.7484,0.0420806,-0.147196,-0.129648,638,12769,326.809
19100,1.03864e-06,0.0239918,1,0.991162,0.00140802,10.7257,0.039436,-0.154452,-0.142338,638,12769,325.148
19200,4.77459e-07,0.0103029,1,0.99642,0.000737955,10.4624,0.0371241,-0.146297,-0.157491,638,12769,325.335
19300,2.66462e-07,0.00449265,1,0.998881,0.000499254,10.0191,0.0376755,-0.24449,-0.235635,638,12769,340.664
19400,1.67982e-07,0.00219603,1,0.999105,5.21389e-05,8.69792,0.038281,-0.298879,-0.281561,638,12769,392.625
19500,1.08222e-07,0.00143543,1,0.999441,1.12721e-05,8.47951,0.0362356,-0.202871,-0.217926,638,12769,544.714
19600,8.99012e-05,0.00324226,1,0.998993,0.000530933,7.53524,0.0385393,-0.211524,-0.232124,638,12769,462.226
19700,0.000836559,0.00373284,1,1,0.00142457,5.69165,0.0363728,-0.148771,-0.198519,638,12769,295.996
19800,0.000635782,0.0030274,1,0.999776,0.00100727,5.59468,0.0366975,-0.182518,-0.223625,638,12769,280.417
19900,0.000221867,0.00129505,1,1,0.000364936,5.68314,0.0364543,-0.151176,-0.182271,638,12769,286.482
20000,7.54067e-05,0.000545255,1,1,0.000132004,5.75615,0.0359265,-0.140307,-0.164008,638,12769,289.18
20100,2.55752e-05,0.000242042,1,1,4.831e-05,5.81867,0.0351671,-0.1397,-0.157029,638,12769,289.678
20200,8.82829e-06,0.000108113,1,1,1.81591e-05,5.87706,0.0352907,-0.183028,-0.182756,638,12769,289.746
20300,3.17515e-06,5.21422e-05,1,1,7.28637e-06,5.93352,0.0342081,-0.193134,-0.194949,638,12769,291.569
20400,1.23741e-06,2.61283e-05,1,1,3.67831e-06,5.71779,0.0337961,-0.251354,-0.237997,638,12769,298.867
20500,5.4967e-07,1.35544e-05,1,1,1.97833e-06,5.77113,0.0318731,-0.225875,-0.245182,638,12769,317.856
20600,2.87876e-07,7.85192e-06,1,1,1.31689e-06,5.81531,0.0311059,-0.213865,-0.263242,638,12769,366.955
20700,1.67049e-07,5.44951e-06,1,1,8.53797e-07,5.91453,0.032679,-0.312793,-0.298405,638,12769,474.878
20800,0.00744085,0.0132964,0.997911,0.996308,0.0149543,6.55822,0.0320301,-0.24495,-0.249802,638,12769,576.994
20900,0.000217321,0.000491092,1,1,0.000300322,5.40758,0.035049,-0.242117,-0.21612,638,12769,304.047
21000,0.000708717,0.00141,1,1,0.000925147,5.06348,0.0336028,-0.288816,-0.211307,638,12769,244.369
21100,0.000272473,0.000766758,1,1,0.000513601,5.20396,0.0323017,-0.222533,-0.16683,638,12769,252.043
21200,9.70201e-05,0.000390155,1,1,0.000340295,5.33883,0.0320837,-0.224232,-0.15881,638,12769,261.894
21300,3.41589e-05,0.000199927,1,1,0.000266414,5.47497,0.0316725,-0.246177,-0.166576,638,12769,271.114
21400,1.20767e-05,0.000102951,1,1,0.00022143,5.60929,0.0298328,-0.2173,-0.161981,638,12769,279.503
21500,4.3513e-06,5.34038e-05,1,1,0.000180215,5.73511,0.0294161,-0.266442,-0.189555,638,12769,287.362
21600,1.64617e-06,2.7758e-05,1,1,0.000128248,5.8397,0.0291771,-0.324924,-0.225691,638,12769,295.089
21700,6.8939e-07,1.47583e-05,1,1,8.26992e-05,5.90934,0.0279006,-0.301395,-0.243899,638,12769,304.568
21800,3.39793e-07,8.50824e-06,1,1,4.67052e-05,5.92901,0.028847,-0.291767,-0.252281,638,12769,323.424
21900,1.96835e-07,5.27876e-06,1,1,1.1354e-05,5.92952,0.0298476,-0.156644,-0.17663,638,12769,369.437
22000,1.29169e-07,4.00039e-06,1,1,2.16117e-06,6.13294,0.030401,-0.0651301,-0.0727675,638,12769,519.658
22100,4.47641e-05,0.000599574,1,0.999776,0.000128713,5.89023,0.0306763,-0.220676,-0.2057,638,12769,339.473
22200,0.000531068,0.000831561,1,1,0.00066421,5.02548,0.0288605,-0.252687,-0.214973,638,12769,227.545
22300,0.000313488,0.000600587,1,1,0.000412618,5.14769,0.0283533,-0.172705,-0.190664,638,12769,217.52
22400,0.000115338,0.000285788,1,1,0.000172619,5.31943,0.0282193,-0.123731,-0.145811,638,12769,220.644
22500,4.08125e-05,0.000140343,1,1,7.23942e-05,5.48641,0.0285648,-0.166846,-0.175553,638,12769,225.552
22600,1.43875e-05,7.21343e-05,1,1,3.14782e-05,5.64669,0.0295843,-0.247652,-0.225411,638,12769,230.563
22700,5.14588e-06,3.78466e-05,1,1,1.45868e-05,5.79385,0.0287497,-0.224444,-0.219872,638,12769,235.616
22800,1.91027e-06,1.99357e-05,1,1,4.44665e-06,5.83926,0.0275811,-0.191823,-0.205566,638,12769,240.835
22900,7.76789e-07,1.08322e-05,1,1,2.04639e-06,5.88321,0.0269628,-0.215622,-0.218605,638,12769,247.022
23000,3.67494e-07,6.52749e-06,1,1,1.07279e-06,5.86829,0.0259965,-0.267637,-0.240057,638,12769,254.727
23100,2.09877e-07,5.18312e-06,1,1,6.53163e-07,5.8035,0.0246291,-0.277375,-0.246214,638,12769,272.892
23200,1.37168e-07,4.14951e-06,1,1,4.14208e-07,5.73942,0.0243285,-0.241477,-0.284528,638,12769,319.829
23300,1.29076e-07,1.6946e-05,1,1,4.11329e-07,6.09543,0.0366125,-0.301314,-0.328643,638,12769,579.612
23400,8.68239e-05,0.000165694,1,1,0.000121627,5.31126,0.0288928,-0.212984,-0.184635,638,12769,274.293
23500,0.000439653,0.000658415,1,1,0.000531713,5.01535,0.02948,-0.216429,-0.158348,638,12769,209.417
23600,0.000195948,0.000334314,1,1,0.000257506,5.18229,0.0323992,-0.181887,-0.133606,638,12769,211.125
23700,7.14247e-05,0.000139,1,1,0.000103366,5.3303,0.0315141,-0.170426,-0.125715,638,12769,217.879
23800,2.5401e-05,5.75306e-05,1,1,4.09242e-05,5.46851,0.0293726,-0.133669,-0.109319,638,12769,224.836
23900,9.03158e-06,2.4222e-05,1,1,1.63901e-05,5.59541,0.027698,-0.127399,-0.105746,638,12769,231.468
24000,3.28222e-06,1.05315e-05,1,1,6.81582e-06,5.70347,0.0270279,-0.159593,-0.123116,638,12769,237.861
24100,1.26016e-06,4.84418e-06,1,1,3.03765e-06,5.77981,0.0255801,-0.14104,-0.123601,638,12769,244.512
24200,5.43164e-07,2.41793e-06,1,1,1.5049e-06,5.80374,0.024792,-0.163197,-0.148889,638,12769,253.008
24300,2.77761e-07,1.34269e-06,1,1,7.58764e-07,5.77657,0.0232745,-0.172383,-0.173701,638,12769,268.873
24400,1.67609e-07,8.54802e-07,1,1,4.35201e-07,5.72094,0.0218082,-0.183828,-0.240995,638,12769,304.507
24500,1.14572e-07,8.11602e-07,1,1,2.98548e-07,5.80973,0.021341,-0.345411,-0.323024,638,12769,431.433
24600,3.37489e-05,0.000148446,1,1,5.70708e-05,5.8567,0.0289931,-0.202981,-0.196966,638,12769,338.733
24700,0.000326902,0.000471577,1,1,0.000394731,5.01474,0.0295873,-0.245308,-0.248045,638,12769,227.524
24800,0.000193163,0.00031667,1,1,0.000249866,5.14774,0.0345465,-0.182209,-0.192391,638,12769,219.426
24900,7.24073e-05,0.000142477,1,1,0.000104388,5.31359,0.0342389,-0.0924774,-0.123253,638,12769,222.261
25000,2.59651e-05,6.45519e-05,1,1,4.32265e-05,5.47377,0.0340806,-0.0969447,-0.115863,638,12769,226.656
25100,9.24542e-06,2.98585e-05,1,1,1.81448e-05,5.62057,0.0331164,-0.108436,-0.109544,638,12769,231.048
25200,3.35403e-06,1.3979e-05,1,1,7.8322e-06,5.74633,0.0324682,-0.126281,-0.111383,638,12769,235.377
25300,1.28419e-06,6.58305e-06,1,1,3.51868e-06,5.83689,0.030389,-0.0800247,-0.0827574,638,12769,240.635
25400,5.49701e-07,3.16071e-06,1,1,1.68772e-06,5.86855,0.028557,-0.0705217,-0.0824837,638,12769,247.88
25500,2.77636e-07,1.69242e-06,1,1,9.05663e-07,5.84542,0.0261268,-0.110324,-0.118163,638,12769,261.755
25600,1.68294e-07,1.11952e-06,1,1,5.64212e-07,5.79233,0.0233423,-0.178148,-0.211494,638,12769,291.655
25700,1.17653e-07,1.19587e-06,1,1,4.25182e-07,5.82069,0.0223088,-0.185546,-0.208079,638,12769,387.287
25800,9.86975e-05,0.000404422,1,1,0.000300604,6.00115,0.0308837,-0.241546,-0.214629,638,12769,353.01
25900,0.000456195,0.00064411,1,1,0.000554354,5.01461,0.030683,-0.264878,-0.227293,638,12769,217.16
26000,0.000509381,0.000736839,1,1,0.000685925,5.02124,0.0300297,-0.170151,-0.198534,638,12769,195.646
26100,0.000196642,0.000321619,1,1,0.000388567,5.16737,0.0330485,-0.198363,-0.197808,638,12769,199.229
26200,7.06779e-05,0.00013362,1,1,0.000221108,5.30965,0.0314605,-0.178424,-0.182079,638,12769,205.169
26300,2.50608e-05,5.57601e-05,1,1,0.000130969,5.45114,0.0295415,-0.175895,-0.180672,638,12769,211.387
26400,8.92016e-06,2.3994e-05,1,1,7.85026e-05,5.58961,0.0277769,-0.186773,-0.191913,638,12769,217.448
26500,3.25066e-06,1.09598e-05,1,1,4.57662e-05,5.71501,0.0264639,-0.222187,-0.225443,638,12769,223.529
26600,1.2498e-06,5.36888e-06,1,1,2.33815e-05,5.8111,0.0248424,-0.246413,-0.270021,638,12769,229.673
26700,5.37531e-07,2.88883e-06,1,1,1.07616e-05,5.85668,0.0241625,-0.316879,-0.352043,638,12769,236.79
26800,2.75738e-07,1.74911e-06,1,1,4.55761e-06,5.83931,0.0225482,-0.314971,-0.349213,638,12769,247.805
26900,1.69788e-07,1.14742e-06,1,1,2.13738e-06,5.77697,0.0212397,-0.259673,-0.262118,638,12769,274.751
27000,1.16782e-07,1.13703e-06,1,1,7.09599e-07,5.78844,0.0217807,-0.316053,-0.298123,638,12769,372.348
27100,0.00014491,0.000877426,1,0.999553,0.000338158,6.1405,0.0282311,-0.265318,-0.243441,638,12769,351.076
27200,0.000485342,0.00069692,1,1,0.000667446,5.0282,0.0285008,-0.27397,-0.230721,638,12769,214.427
27300,0.000794006,0.00113999,1,1,0.00126871,5.05483,0.0285685,-0.299196,-0.225968,638,12769,186.638
27400,0.000311376,0.000501411,1,1,0.000691188,5.26916,0.0278206,-0.219853,-0.193097,638,12769,191.323
27500,0.000112035,0.000210364,1,1,0.00038458,5.46043,0.0264836,-0.222719,-0.190697,638,12769,198.361
27600,3.9537e-05,9.10923e-05,1,1,0.000218357,5.64078,0.0250819,-0.234067,-0.206071,638,12769,205.165
27700,1.39471e-05,4.09302e-05,1,1,0.00012891,5.8106,0.0246479,-0.254312,-0.248582,638,12769,211.531
27800,4.99644e-06,1.92254e-05,1,1,6.21759e-05,5.95959,0.0246268,-0.274878,-0.310309,638,12769,217.632
27900,1.8656e-06,8.82963e-06,1,1,2.10014e-05,6.06673,0.0248819,-0.239788,-0.296431,638,12769,223.275
28000,7.59172e-07,4.14861e-06,1,1,6.91985e-06,6.11075,0.0247648,-0.190978,-0.227853,638,12769,228.914
28100,3.6102e-07,2.1279e-06,1,1,2.17643e-06,6.06364,0.0260766,-0.257958,-0.237846,638,12769,236.051
28200,2.07076e-07,1.24159e-06,1,1,1.23444e-06,5.9554,0.026427,-0.287914,-0.231949,638,12769,249.552
28300,1.39658e-07,8.4309e-07,1,1,7.83388e-07,5.83095,0.0242315,-0.243543,-0.23528,638,12769,284.876
28400,1.19489e-07,1.38568e-06,1,1,5.75851e-07,5.97406,0.0285636,-0.180195,-0.191739,638,12769,450.655
28500,6.17378e-05,0.000204563,1,1,0.00020316,5.66779,0.0316832,-0.3205,-0.299109,638,12769,303.094
28600,0.000737897,0.000994139,1,1,0.00101877,4.93634,0.0293781,-0.29235,-0.292246,638,12769,199.035
28700,0.00057164,0.000855596,1,1,0.000995367,5.08122,0.0283929,-0.263278,-0.262106,638,12769,186.963
28800,0.000214023,0.0003859,1,1,0.000578161,5.26116,0.0287531,-0.2705,-0.249206,638,12769,190.218
28900,7.61893e-05,0.000175562,1,1,0.000373061,5.438,0.0275458,-0.261709,-0.245157,638,12769,195.124
29000,2.68346e-05,8.51711e-05,1,1,0.000106461,5.76822,0.0252081,-0.198607,-0.217894,638,12769,200.175
29100,9.50232e-06,4.38863e-05,1,1,5.31087e-05,5.9635,0.0236381,-0.178717,-0.204865,638,12769,205.197
29200,3.43869e-06,2.3038e-05,1,1,2.50047e-05,6.13594,0.0228218,-0.194457,-0.207291,638,12769,209.828
29300,1.31189e-06,1.17643e-05,1,1,1.1766e-05,6.26078,0.0228943,-0.223328,-0.226007,638,12769,214.353
29400,5.58198e-07,5.90858e-06,1,1,4.82953e-06,6.31311,0.0215346,-0.157051,-0.187684,638,12769,219.722
29500,2.82212e-07,2.89528e-06,1,1,2.13524e-06,6.27083,0.0207152,-0.161118,-0.187021,638,12769,229.145
29600,1.7097e-07,1.71465e-06,1,1,1.15881e-06,6.17022,0.0204241,-0.25653,-0.245325,638,12769,250.883
29700,1.2173e-07,1.44051e-06,1,1,5.09632e-07,6.16975,0.0226709,-0.275891,-0.199727,638,12769,321.843
29800,0.000505696,0.0030122,1,0.999441,0.00278471,6.80873,0.0273925,-0.215331,-0.252736,638,12769,389.341
29900,0.000226749,0.000376693,1,1,0.000346204,5.24821,0.0312212,-0.275543,-0.300608,638,12769,223.303
30000,0.000453234,0.000692071,1,1,0.000600555,5.12381,0.0296987,-0.234972,-0.212394,638,12769,194.164
30100,0.000177272,0.000303661,1,1,0.000259946,5.30124,0.0302508,-0.160854,-0.156364,638,12769,200.854
30200,6.42439e-05,0.00012489,1,1,0.000107221,5.47333,0.029412,-0.162645,-0.150435,638,12769,209.07
30300,2.29414e-05,5.20029e-05,1,1,4.51322e-05,5.65172,0.0271277,-0.132369,-0.132698,638,12769,217.221
30400,8.21298e-06,2.25416e-05,1,1,1.96597e-05,5.82819,0.025503,-0.138543,-0.139007,638,12769,224.467
30500,3.00422e-06,1.05117e-05,1,1,8.93037e-06,5.98988,0.0242426,-0.165705,-0.161456,638,12769,231.45
30600,1.16426e-06,5.50953e-06,1,1,4.10031e-06,6.11184,0.0239753,-0.210068,-0.196513,638,12769,238.328
30700,5.079e-07,3.27565e-06,1,1,1.95338e-06,6.15848,0.0237062,-0.245978,-0.220015,638,12769,246.235
30800,2.64968e-07,2.19799e-06,1,1,1.05447e-06,6.13347,0.0223989,-0.254565,-0.244243,638,12769,261.089
30900,1.63314e-07,1.50933e-06,1,1,6.4586e-07,6.12115,0.0202383,-0.24584,-0.218505,638,12769,304.327
31000,1.30975e-07,1.86054e-06,1,1,4.44796e-07,6.79089,0.0285116,-0.10646,-0.0995036,638,12769,492.047
31100,7.77511e-05,0.000161736,1,1,0.000241385,5.74848,0.0328333,-0.168885,-0.19621,638,12769,256.858
31200,0.000455111,0.00066762,1,1,0.00062668,5.11003,0.0286609,-0.216317,-0.192016,638,12769,188.111
31300,0.00022247,0.000371896,1,1,0.000348228,5.40727,0.0267238,-0.128173,-0.112222,638,12769,188.5
31400,8.15426e-05,0.000161318,1,1,0.000147919,5.68643,0.0254687,-0.119629,-0.100084,638,12769,193.961
31500,2.90948e-05,7.05914e-05,1,1,6.21085e-05,5.95499,0.0245002,-0.148032,-0.122174,638,12769,199.866
31600,1.03727e-05,3.19587e-05,1,1,2.66169e-05,6.2072,0.0239726,-0.188082,-0.155232,638,12769,205.562
31700,3.76073e-06,1.49065e-05,1,1,1.17905e-05,6.42597,0.0236029,-0.188642,-0.17689,638,12769,211.058
31800,1.42755e-06,7.39768e-06,1,1,5.49249e-06,6.57603,0.024023,-0.236773,-0.216109,638,12769,216.401
31900,5.97882e-07,3.91327e-06,1,1,2.72186e-06,6.62058,0.0237609,-0.26702,-0.251827,638,12769,221.81
32000,2.97836e-07,2.33444e-06,1,1,1.50763e-06,6.54614,0.0225593,-0.292061,-0.290464,638,12769,230.841
32100,1.79468e-07,1.71101e-06,1,1,9.05099e-07,6.42934,0.0205471,-0.265986,-0.260563,638,12769,251.98
32200,1.26928e-07,1.36132e-06,1,1,5.24782e-07,6.42344,0.0191266,-0.0772237,-0.0550464,638,12769,318.986
32300,0.00150312,0.00506838,1,0.998769,0.00552924,6.91841,0.0270752,-0.325106,-0.309844,638,12769,393.684
32400,0.000387251,0.000585594,1,1,0.000584491,5.32537,0.0303333,-0.260394,-0.251488,638,12769,220.245
32500,0.00144567,0.00196304,1,1,0.00187975,5.05241,0.0288544,-0.328718,-0.259557,638,12769,173.811
32600,0.000634572,0.000967634,1,1,0.000908797,5.25714,0.0290145,-0.249203,-0.241817,638,12769,175.268
32700,0.000232988,0.000412718,1,1,0.00036355,5.44212,0.027757,-0.272372,-0.251222,638,12769,181.886
32800,8.27924e-05,0.000181865,1,1,0.000141653,5.62992,0.0256086,-0.276667,-0.262873,638,12769,189.25
32900,2.92029e-05,8.76873e-05,1,1,5.56285e-05,5.81808,0.0247924,-0.304453,-0.29593,638,12769,196.183
33000,1.03645e-05,4.8363e-05,1,1,2.23408e-05,6.00219,0.0229026,-0.196101,-0.21688,638,12769,202.78
33100,3.75819e-06,2.97094e-05,1,1,9.28117e-06,6.16848,0.0222014,-0.117254,-0.13707,638,12769,209.016
33200,1.43527e-06,1.85176e-05,1,1,4.10437e-06,6.29675,0.0235917,-0.105963,-0.128189,638,12769,214.731
33300,6.09834e-07,1.14974e-05,1,1,2.01107e-06,6.35313,0.0236662,-0.0686959,-0.0960214,638,12769,220.179
33400,3.05804e-07,6.59918e-06,1,1,1.15455e-06,6.31639,0.0227746,-0.0950738,-0.114213,638,12769,227.523
33500,1.85693e-07,3.08426e-06,1,1,7.66344e-07,6.22229,0.0195933,-0.174524,-0.192357,638,12769,246.568
33600,1.28983e-07,2.06731e-06,1,1,5.09603e-07,6.25587,0.0194464,-0.157001,-0.134552,638,12769,315.901
33700,0.0196417,0.0349787,0.993473,0.988589,0.0327333,7.43988,0.0265935,-0.275795,-0.316141,638,12769,480
33800,0.000386297,0.000706491,1,1,0.00104231,5.47448,0.0323337,-0.331396,-0.321111,638,12769,246.33
33900,0.00264981,0.00350753,1,1,0.00325673,4.9926,0.0279019,-0.337662,-0.33234,638,12769,178.222
34000,0.00138653,0.00211435,1,1,0.00209298,5.19694,0.0269193,-0.291512,-0.283077,638,12769,181.275
34100,0.000507937,0.000962988,1,1,0.00102849,5.38135,0.0238613,-0.208643,-0.22339,638,12769,191.855
34200,0.000180318,0.000467035,1,1,0.000525796,5.57409,0.0210933,-0.159992,-0.200544,638,12769,203.069
34300,6.34746e-05,0.000243039,1,1,0.000274466,5.7741,0.0197292,-0.141549,-0.223478,638,12769,213.585
34400,2.23704e-05,0.000131519,1,1,0.000137798,5.97924,0.0195956,-0.209017,-0.248172,638,12769,223.675
34500,7.9698e-06,6.72653e-05,1,1,7.02331e-05,6.1806,0.0195428,-0.189813,-0.188738,638,12769,233.163
34600,2.92149e-06,3.36345e-05,1,1,2.98627e-05,6.36069,0.0203997,-0.156476,-0.154582,638,12769,241.507
34700,1.14017e-06,1.72298e-05,1,1,9.67749e-06,6.48997,0.0216982,-0.172674,-0.160383,638,12769,248.927
34800,5.04974e-07,7.94354e-06,1,1,3.33802e-06,6.53958,0.02176,-0.170361,-0.159222,638,12769,255.577
34900,2.67925e-07,3.78992e-06,1,1,1.53619e-06,6.49685,0.0210988,-0.196767,-0.163879,638,12769,265.313
35000,1.69134e-07,1.98235e-06,1,1,9.39384e-07,6.43782,0.0178934,-0.199926,-0.138826,638,12769,292.383
35100,1.26181e-07,1.50271e-06,1,1,5.664e-07,6.77376,0.025028,-0.0974535,-0.0850659,638,12769,416.916
35200,5.57394e-05,0.000199602,1,1,0.000175344,6.19091,0.0278068,-0.145623,-0.176355,638,12769,262.382
35300,0.0005002,0.000718711,1,1,0.000779787,5.17906,0.0276418,-0.217637,-0.218981,638,12769,181.025
35400,0.00029286,0.000508161,1,1,0.000500145,5.51518,0.0313395,-0.270559,-0.274254,638,12769,176.983
35500,0.000107514,0.00022335,1,1,0.00021806,5.86409,0.0305694,-0.295027,-0.324816,638,12769,181.634
35600,3.78236e-05,9.50755e-05,1,1,8.30219e-05,6.18718,0.0284889,-0.273879,-0.374502,638,12769,187.132
35700,1.32698e-05,4.05321e-05,1,1,3.61377e-05,6.51345,0.0278025,-0.26479,-0.297499,638,12769,192.949
35800,4.73341e-06,1.78162e-05,1,1,1.6473e-05,6.82001,0.028777,-0.221337,-0.248424,638,12769,198.873
35900,1.76308e-06,8.35787e-06,1,1,8.02851e-06,7.07322,0.0304192,-0.183625,-0.233624,638,12769,204.576
36000,7.17963e-07,4.12395e-06,1,1,4.38137e-06,7.22031,0.0324016,-0.215765,-0.262801,638,12769,210.048
36100,3.41038e-07,2.13194e-06,1,1,2.69547e-06,7.22503,0.031371,-0.222582,-0.266269,638,12769,217.144
36200,1.98921e-07,1.25191e-06,1,1,1.91498e-06,7.10253,0.0262714,-0.158123,-0.197626,638,12769,232.103
36300,1.36172e-07,9.64567e-07,1,1,1.49167e-06,7.03348,0.0255776,-0.32928,-0.316627,638,12769,281.49
36400,1.54101e-07,6.41782e-06,1,1,1.022e-05,8.05661,0.0318124,-0.17178,-0.157392,638,12769,615.621
36500,0.000260219,0.00110563,1,0.999776,0.00102038,6.35333,0.0361114,-0.244248,-0.227423,638,12769,298.533
36600,0.00265644,0.0033907,1,1,0.00398166,5.12159,0.0317319,-0.254689,-0.233817,638,12769,194.124
36700,0.00239487,0.0032236,1,1,0.00442041,5.24273,0.0289253,-0.272358,-0.256158,638,12769,177.699
36800,0.00092849,0.0014033,1,1,0.00202995,5.45457,0.0289626,-0.304949,-0.22648,638,12769,183.207
36900,0.000331897,0.000571687,1,1,0.000979257,5.67387,0.0261036,-0.212991,-0.169913,638,12769,192.252
37000,0.000116446,0.000231998,1,1,0.000466282,5.89474,0.0247269,-0.195261,-0.150069,638,12769,202.56
37100,4.07362e-05,9.61201e-05,1,1,0.000213031,6.12159,0.0244247,-0.203224,-0.154745,638,12769,212.606
37200,1.4333e-05,4.05806e-05,1,1,8.78695e-05,6.35142,0.0245437,-0.19487,-0.175664,638,12769,222.489
37300,5.13126e-06,1.74994e-05,1,1,3.3622e-05,6.5763,0.0248431,-0.20551,-0.21745,638,12769,231.584
37400,1.9127e-06,7.80831e-06,1,1,1.27627e-05,6.77374,0.0257621,-0.27326,-0.276917,638,12769,239.625
37500,7.80524e-07,3.72625e-06,1,1,5.25065e-06,6.89861,0.0253629,-0.260692,-0.276035,638,12769,246.434
37600,3.73004e-07,1.9719e-06,1,1,2.66144e-06,6.92369,0.0241206,-0.28226,-0.278628,638,12769,253.946
37700,2.15635e-07,1.2328e-06,1,1,1.57885e-06,6.88437,0.0230891,-0.316297,-0.262171,638,12769,268.261
37800,1.4523e-07,8.46261e-07,1,1,1.23192e-06,6.89446,0.0205572,-0.374512,-0.253625,638,12769,320.035
37900,0.0140361,0.0277302,0.995039,0.989372,0.0202084,7.42872,0.0284675,-0.319068,-0.200666,638,12769,555.09
38000,0.000366407,0.000641789,1,1,0.000772809,5.53144,0.0349504,-0.295566,-0.366883,638,12769,253.092
38100,0.0018809,0.00243602,1,1,0.00282158,5.10224,0.0311959,-0.277234,-0.275465,638,12769,187.515
38200,0.00095187,0.00142781,1,1,0.00163692,5.4302,0.0280575,-0.212551,-0.248069,638,12769,188.114
38300,0.000349026,0.000624354,1,1,0.000685791,5.69331,0.0265441,-0.221444,-0.231388,638,12769,196.428
38400,0.000123169,0.000262593,1,1,0.000273623,5.93034,0.0261943,-0.205434,-0.184614,638,12769,205.176
38500,4.32217e-05,0.000110538,1,1,0.000110008,6.15867,0.0273747,-0.209248,-0.172078,638,12769,213.376
38600,1.52504e-05,4.79512e-05,1,1,4.51703e-05,6.3808,0.0285256,-0.16581,-0.163892,638,12769,221.134
38700,5.47466e-06,2.15205e-05,1,1,1.90824e-05,6.58771,0.0302959,-0.183468,-0.193729,638,12769,228.636
38800,2.03838e-06,1.01408e-05,1,1,8.39668e-06,6.75877,0.0318686,-0.238779,-0.238184,638,12769,235.664
38900,8.24317e-07,4.99872e-06,1,1,4.0021e-06,6.85928,0.0326132,-0.279095,-0.26762,638,12769,241.984
39000,3.85578e-07,2.66004e-06,1,1,2.15882e-06,6.8587,0.0317359,-0.270544,-0.263052,638,12769,249.13
39100,2.18125e-07,1.4223e-06,1,1,1.34019e-06,6.75972,0.0273003,-0.146152,-0.175951,638,12769,264.138
39200,1.44701e-07,1.00677e-06,1,1,1.00575e-06,6.70249,0.0217811,-0.19117,-0.221974,638,12769,312.73
39300,0.0590343,0.0702576,0.977023,0.976507,0.0533861,7.30812,0.0269078,-0.178977,-0.156404,638,12769,554.003
39400,0.00026385,0.000445415,1,1,0.000552421,5.46307,0.0347819,-0.332564,-0.280008,638,12769,255.621
39500,0.001735,0.00234047,1,1,0.00259746,5.07895,0.0299996,-0.322972,-0.292988,638,12769,187.814
39600,0.000885516,0.00138468,1,1,0.00153429,5.39125,0.0281632,-0.231399,-0.257423,638,12769,187.573
39700,0.000325008,0.000596168,1,1,0.00061701,5.64587,0.0303824,-0.317694,-0.317974,638,12769,194.891
39800,0.00011517,0.000250712,1,1,0.000233933,5.89286,0.03024,-0.241704,-0.256135,638,12769,202.643
39900,4.05616e-05,0.000107047,1,1,8.90448e-05,6.14204,0.0314325,-0.197422,-0.207526,638,12769,209.988
40000,1.43557e-05,4.64691e-05,1,1,3.49146e-05,6.39133,0.0317563,-0.1259,-0.150931,638,12769,216.711
