8464409|inspect.sbatch|COMPLETED|0:0|00:00:02
8464410|checks.sbatch|COMPLETED|0:0|00:08:17
8464411|checks.sbatch|FAILED|1:0|00:00:00
8464412|checks.sbatch|COMPLETED|0:0|00:04:22
8464413|checks.sbatch|COMPLETED|0:0|00:04:42
8464414|full-checks.sbatch|FAILED|2:0|00:00:22
8464415|full-checks.sbatch|FAILED|1:0|00:04:41
8464416|report.sbatch|FAILED|1:0|00:00:02
8464417|full-checks.sbatch|COMPLETED|0:0|00:05:23
8464418|report.sbatch|FAILED|1:0|00:00:01
8464419|report.sbatch|COMPLETED|0:0|00:00:01
8464420|obj0911-deepseek-pilot-smoke|COMPLETED|0:0|00:03:20
8464421|obj0911-goedel-pilot-smoke|COMPLETED|0:0|00:03:19
8464422|obj0911-kimina-pilot-smoke|COMPLETED|0:0|00:03:22
8464423|obj0911-deepseek-pilot-verify|COMPLETED|0:0|00:01:16
8464424|obj0911-goedel-pilot-verify|COMPLETED|0:0|00:07:01
8464425|obj0911-kimina-pilot-verify|COMPLETED|0:0|00:04:23
8464426|report.sbatch|COMPLETED|0:0|00:00:03
8464427|obj0911-deepseek-pilot-extract|CANCELLED by 2649|0:0|00:00:57
8464428|review.sbatch|COMPLETED|0:0|00:00:06
8464429|checks.sbatch|COMPLETED|0:0|00:04:16
8464430|full-checks.sbatch|COMPLETED|0:0|00:05:19
8464431|parser-check.sbatch|COMPLETED|0:0|00:00:05
8464432|review.sbatch|COMPLETED|0:0|00:00:01
8464433|obj0911v2-deepseek-pilot-smoke|COMPLETED|0:0|00:03:27
8464434|obj0911v2-goedel-pilot-smoke|COMPLETED|0:0|00:03:30
8464435|obj0911v2-kimina-pilot-smoke|COMPLETED|0:0|00:03:28
8464436|report.sbatch|COMPLETED|0:0|00:00:02
8464437|obj0911v2-deepseek-pilot-verify|COMPLETED|0:0|00:10:33
8464438|obj0911v2-kimina-pilot-verify|COMPLETED|0:0|00:04:55
8464439|obj0911v2-goedel-pilot-verify|COMPLETED|0:0|00:07:30
8464440|obj0911v2-kimina-pilot-extract|COMPLETED|0:0|00:02:01
8464441|obj0911v2-goedel-pilot-extract|COMPLETED|0:0|00:01:49
8464442|obj0911v2-kimina-pilot-measure|COMPLETED|0:0|00:00:11
8464443|obj0911v2-kimina-pilot-analyze|COMPLETED|0:0|00:00:10
8464444|obj0911v2-kimina-gate|COMPLETED|0:0|00:00:03
8464445|obj0911v2-kimina-main-generate-0|CANCELLED by 2649|0:0|00:04:07
8464446|obj0911v2-kimina-main-generate-1|CANCELLED by 2649|0:0|00:04:07
8464447|obj0911v2-deepseek-pilot-extract|COMPLETED|0:0|00:01:34
8464448|obj0911v2-audit-verification-report|COMPLETED|0:0|00:00:05
8464449|obj0911v2-goedel-pilot-measure|COMPLETED|0:0|00:00:13
8464450|obj0911v2-goedel-pilot-analyze|COMPLETED|0:0|00:00:13
8464451|obj0911v2-goedel-gate|COMPLETED|0:0|00:00:08
8464452|obj0911v2-deepseek-pilot-measure|COMPLETED|0:0|00:00:13
8464453|obj0911v2-goedel-main-generate-0|CANCELLED by 2649|0:0|00:01:07
8464454|obj0911v2-goedel-main-generate-1|CANCELLED by 2649|0:0|00:00:00
8464455|obj0911v2-deepseek-pilot-analyze|COMPLETED|0:0|00:00:14
8464456|obj0911v2-deepseek-gate|COMPLETED|0:0|00:00:08
8464457|obj0911v2-audit-pilot-report|COMPLETED|0:0|00:00:15
8464458|checks.sbatch|FAILED|1:0|00:00:18
8464459|checks.sbatch|COMPLETED|0:0|00:04:11
8464460|full-checks.sbatch|COMPLETED|0:0|00:05:31
8464461|review.sbatch|COMPLETED|0:0|00:00:04
8464462|obj0911v3-deepseek-pilot-analyze|COMPLETED|0:0|00:00:10
8464463|obj0911v3-goedel-pilot-analyze|COMPLETED|0:0|00:00:10
8464464|obj0911v3-kimina-pilot-analyze|COMPLETED|0:0|00:00:11
8464465|obj0911v3-deepseek-gate|COMPLETED|0:0|00:00:06
8464466|obj0911v3-goedel-gate|COMPLETED|0:0|00:00:07
8464467|obj0911v3-kimina-gate|COMPLETED|0:0|00:00:04
8464468|obj0911v3-deepseek-main-generate-0|RUNNING|0:0|01:02:36
8464469|obj0911v3-goedel-main-generate-0|RUNNING|0:0|01:02:36
8464470|obj0911v3-kimina-main-generate-0|RUNNING|0:0|01:02:36
8464471|obj0911v3-deepseek-main-generate-1|PENDING|0:0|00:00:00
8464472|obj0911v3-goedel-main-generate-1|PENDING|0:0|00:00:00
8464473|obj0911v3-kimina-main-generate-1|PENDING|0:0|00:00:00
8464474|obj0911v3-audit-pilot-report|COMPLETED|0:0|00:00:09
8464475|report.sbatch|COMPLETED|0:0|00:00:08
8464476|download.sbatch|COMPLETED|0:0|00:03:16
8464478|obj-readiness-check|FAILED|1:0|00:00:01
8464479|obj-readiness-check|FAILED|1:0|00:00:01
8464480|obj-readiness-check|FAILED|1:0|00:00:09
8464481|obj-readiness-check|FAILED|2:0|00:00:00
8464482|obj-readiness-check|COMPLETED|0:0|00:00:28
8464483|obj-readiness-check|COMPLETED|0:0|00:00:25
8464485|obj-expansion-full-check|COMPLETED|0:0|00:09:00
8464487|obj-exp11-pilot-deepseek-positional|COMPLETED|0:0|00:00:06
8464488|obj-exp11-pilot-deepseek-whitening|COMPLETED|0:0|00:00:09
8464489|obj-exp11-pilot-goedel-positional|COMPLETED|0:0|00:00:04
8464490|obj-exp11-pilot-goedel-whitening|COMPLETED|0:0|00:00:05
8464491|obj-exp11-p4-real-0-train|PENDING|0:0|00:00:00
8464492|obj-exp11-p4-null-0-train|PENDING|0:0|00:00:00
8464493|obj-exp11-pilot-kimina-positional|COMPLETED|0:0|00:00:06
8464494|obj-exp11-pilot-kimina-whitening|COMPLETED|0:0|00:00:08
8464495|obj-exp11-deduction-inputs|COMPLETED|0:0|00:00:07
8464496|obj-exp11-calibration-heavy_null-0|RUNNING|0:0|00:01:36
8464497|obj-exp11-calibration-position_null-0|RUNNING|0:0|00:01:06
8464498|obj-expansion-report|FAILED|1:0|00:00:01
8464499|obj-expansion-report|RUNNING|0:0|00:00:00
